{
    "train_loss": [
        4.531077093312779,
        4.560137607192373,
        3.9553130748948995,
        3.835587181620067,
        2.9671563226620976,
        2.7431486516623167,
        2.2684517908958153,
        2.216830996918252,
        2.140287702022963,
        2.096806114038336,
        2.049779109200796,
        1.8962335574248452,
        2.0034964855069846,
        1.7243336521075434,
        1.9970190096123528,
        1.847097646448674,
        1.6660474954780482,
        1.804614345518882,
        1.6476505779798905,
        1.4844973934464907
    ],
    "train_ce": [
        0.009040078681403732,
        0.003062714761078193,
        0.00783729338865669,
        0.005047816246011886,
        0.009982087404944953,
        0.007622566779941356,
        0.0013513274058709612,
        0.0021394645916645535,
        0.008154158788369538,
        0.0035968258008748913,
        0.002858891743356556,
        0.0025054222267939016,
        0.004427042915567654,
        0.0026334759988854255,
        0.005157952534121554,
        0.002169742701400234,
        0.0022779766746792046,
        0.0005844018978449128,
        0.0028514300121908792,
        0.008122851133570634
    ],
    "train_attn": [
        1.0940412157966244,
        1.0202406440208207,
        0.925189632922411,
        0.8092688771200852,
        0.6720850521867926,
        0.603424874956117,
        0.5231770322873042,
        0.5273075049358701,
        0.47734332807473284,
        0.4550454943724301,
        0.4449826570740644,
        0.4303927560421554,
        0.4409712020526914,
        0.40352347667794675,
        0.43938111480982867,
        0.4010712825085806,
        0.3839468137002908,
        0.3758395736416181,
        0.35756503142740415,
        0.33053161426266625
    ],
    "train_acc": [
        0.9958333333333333,
        0.9991666666666666,
        0.9975,
        0.9983333333333333,
        0.99625,
        0.9983333333333333,
        1.0,
        0.9991666666666666,
        0.9966666666666667,
        0.9979166666666667,
        0.9991666666666666,
        0.99875,
        0.9983333333333333,
        0.99875,
        0.9970833333333333,
        0.9991666666666666,
        0.9991666666666666,
        1.0,
        0.99875,
        0.99625
    ],
    "val_loss": [
        4.8185308866486105,
        4.4386356194519125,
        3.870712812713658,
        3.4652770280791447,
        3.089994149369498,
        2.931173032441487,
        2.774343743015197,
        2.640176008243531,
        2.5671512526785953,
        2.5905252997104737,
        2.427342538894154,
        2.5069885563415784,
        2.299802334790778,
        2.333769668286744,
        2.4649332396592945,
        2.2818246064673198,
        2.2335770251403058,
        2.2402596788143274,
        2.2435991470267376,
        2.3679204150723914
    ],
    "val_ce": [
        0.0014630038338752152,
        0.002828178410472901,
        0.0014000270465900637,
        0.01416486332684144,
        0.013796534449187069,
        0.010114621704224192,
        0.0024924068475214276,
        0.00028462884473810844,
        0.0012598762641331026,
        0.00032241865584978766,
        0.0006706610723980096,
        0.0071510863207792374,
        0.00021861392362855744,
        0.002208742518669169,
        0.0006600569631579371,
        0.00023607100331408522,
        0.0004259340333078399,
        0.00021854208243828074,
        0.005536227517576056,
        0.002986257214363756
    ],
    "val_attn": [
        1.0785378603374256,
        0.9926250121172737,
        0.8650811384705936,
        0.7704720777623794,
        0.6863750482306761,
        0.6519675114575554,
        0.6186417779501747,
        0.5884900250855614,
        0.5720438606598798,
        0.5771377752808964,
        0.5409244877450606,
        0.5582412639084984,
        0.5131115667960223,
        0.52019182899419,
        0.5485820331994224,
        0.5085487225476433,
        0.49800678474061627,
        0.49933673178448396,
        0.49877558385624604,
        0.527737632393837
    ],
    "val_acc": [
        1.0,
        0.9983333333333333,
        1.0,
        0.995,
        0.995,
        0.9966666666666667,
        0.9983333333333333,
        1.0,
        1.0,
        1.0,
        1.0,
        0.9966666666666667,
        1.0,
        1.0,
        1.0,
        1.0,
        1.0,
        1.0,
        0.9983333333333333,
        0.9983333333333333
    ]
}