{
    "train_loss": [
        0.08712010346197833,
        0.02813908722018823,
        0.015125272802154845,
        0.026840299721710228,
        0.015321345694440727,
        0.003766113348441043,
        0.0021234272658330155,
        0.009958224051054761,
        0.018619481338585805,
        0.009682376449151585,
        0.008566901777424694,
        0.0073413992459730555,
        0.006567006393840226,
        0.005953954927924012,
        0.00489726168923274,
        0.001502063911005583,
        0.00141729917806515,
        0.0006217338604619727,
        0.0005144098577269081,
        0.0009734600787608845
    ],
    "train_acc": [
        0.9641666666666666,
        0.9904166666666666,
        0.99375,
        0.9933333333333333,
        0.9954166666666666,
        0.9995833333333334,
        0.9995833333333334,
        0.9975,
        0.9920833333333333,
        0.9975,
        0.9975,
        0.9979166666666667,
        0.9975,
        0.9975,
        0.99875,
        1.0,
        0.9991666666666666,
        1.0,
        1.0,
        0.9995833333333334
    ],
    "val_loss": [
        0.018912051232279434,
        0.007347749283071608,
        0.007781957509190154,
        0.022185155656188726,
        0.008690918927022721,
        0.0008956202098246043,
        0.0010321473475778475,
        0.006394370535078148,
        0.014342228143359535,
        0.010072925210309525,
        0.001967992241164514,
        0.0027155686709253737,
        0.002521731681384457,
        0.014296018781800134,
        0.002320388677568796,
        0.003051818885433022,
        0.0019418758879085848,
        0.0014286563277225166,
        0.0016073663186155804,
        0.001708532005335049
    ],
    "val_acc": [
        0.9933333333333333,
        0.9966666666666667,
        0.9966666666666667,
        0.995,
        0.9966666666666667,
        1.0,
        1.0,
        0.9983333333333333,
        0.995,
        0.995,
        1.0,
        0.9983333333333333,
        1.0,
        0.9916666666666667,
        1.0,
        0.9983333333333333,
        1.0,
        1.0,
        1.0,
        1.0
    ],
    "epoch_time": [
        21.01483988761902,
        16.743836641311646,
        15.490753889083862,
        15.611030101776123,
        15.591892719268799,
        17.245935201644897,
        22.330023765563965,
        16.539215803146362,
        15.812362670898438,
        15.742738962173462,
        16.6969952583313,
        15.992700099945068,
        15.926411628723145,
        16.474859476089478,
        17.001305103302002,
        16.55181884765625,
        15.607401847839355,
        15.698199033737183,
        16.543596744537354,
        15.852675199508667
    ],
    "best_val_acc": 1.0,
    "best_model_path": "best_resnet18_plant_disease.pth",
    "training_date": "2026-04-21 07:04:02",
    "training_time_stats": {
        "total_training_time_seconds": 335.18,
        "total_training_time_minutes": 5.59,
        "average_epoch_time_seconds": 16.72
    },
    "hyperparameters": {
        "num_epochs": 20,
        "learning_rate": 0.001,
        "weight_decay": 0.0001
    }
}